ID,Hook Text,Category
1,"You chased the kids all day… and collapsed without a single workout. Sound familiar?",Pain Point
2,I turned my chaotic mom mornings into energized fitness routines. Yours?,Transformation
3,"""I want to feel strong again… but the kids' schedule always wins.""",Relatability
4,Health advice ignores moms: it assumes you have free time. I figured out the real way.,Authority
5,"You're a great mom. You're consistent with them. You're still exhausted and out of shape. Why?",Call Out
6,Most fitness plans teach workouts. Mine showed me how to fit them around school runs and meltdowns.,Unique Value
7,Another ""quick meal"" reel… while your energy crashes by noon.,Pain Point
8,"You keep hearing ""self-care first""… but no one tells you HOW with toddlers in tow.",Reality Check
9,I went from zero workouts -> feeling fit and present as a mom. The missing step was…,Transformation
10,Feeling like you're always ""almost energized"" but never actually sustaining it?,Pain Point
11,You meal prep for the family… your own health stays on the back burner.,Relatability
12,"The biggest lie: ""Just wake up earlier and the fitness will happen.""",Myth Busting
13,How many ""new year resolutions"" have faded because of mom life?,Pain Point
14,You're scared to prioritize yourself… because it feels selfish with kids.,Limiting Belief
15,I used to think motherhood meant sacrificing my body. Now I thrive.,Transformation
16,Guilt after guilt after guilt… until I learned to blend fitness with family time.,Emotional
17,You don't need another app. You need a mom-proof plan.,Direct
18,"""I'll just keep powering through""… said every burned-out mom ever.",Call Out
19,Your gym membership expired again. What now?,Pain Point
20,I balanced health goals with kids' chaos—and got my energy back. Here's what changed.,Transformation
21,Stop waiting for ""quiet time"". It never comes.,Reality Check
22,You have a full house and still zero time for you. Let's talk.,Direct
23,Fitness rewards moms who know how to adapt… not just who pushes hardest.,Authority
24,I was you: full of good intentions, zero follow-through, massive mom guilt.,Relatability
25,Another day ends… and you're still watching from the sidelines of your own health.,Emotional
26,"They say ""family walks count""… but no one gives you the actual routine.",Value Gap
27,Your body deserves fuel and movement—not just leftovers from the kids' plates.,Mindset
28,Tired of ""exposure"" to wellness trends that don't stick?,Pain Point
29,I didn't know how to start as a mom. Now I prioritize without apology.,Transformation
30,"The moment I stopped relying on willpower, everything shifted.",Insight
31,You're one mom-hack away from consistent fitness.,Curiosity
32,Most moms fail here: they never learn how to sneak in health without chaos.,Authority
33,You keep trying diets… and keep quitting when kids demand snacks.,Pain Point
34,Prioritizing health as a mom isn't luck. It's knowing which habits stack with family.,Insight
35,Feeling invisible under the mom exhaustion?,Emotional
36,Your workout clothes are folded away. Real life doesn't scroll Instagram.,Reality Check
37,I teach what no mom group teaches: how to reclaim your fitness fast.,Authority
38,Stop fueling for survival. Start fueling for strength.,Mindset
39,The mom guilt doesn't open doors to health. Strategy does.,Authority
40,You’re not ""too busy"". You just don’t know the shortcuts yet.,Reality Check
41,Another month of ""maybe tomorrow""… how many more?,Urgency
42,Kids changed my body—but lack of priority kept it stuck.,Transformation
43,Wellness experts don't discover busy moms on social media.,Insight
44,You’re scared to say no to kids… so your health says no to you.,Hard Truth
45,I went from skipped meals to nourished and fit. The bridge was mom-savvy knowledge.,Transformation
46,"Tired of hearing ""love your body… but change nothing""?",Call Out
47,Your dream of feeling strong keeps going to someone with ""more time"".,Pain Point
48,Most programs sell dreams. Mine mapped my actual mom-to-fit journey.,Authority
49,You have the drive. You lack the kid-friendly plan.,Solution
50,Stop being the last on your own priority list.,Call to Action
51,Feeling fit as a mom isn’t ""someday"". It’s now—if you know how.,Urgency
52,Exhaustion hurts less when you understand why it's happening.,Insight
53,You’re one wrong belief away from staying drained forever.,Mindset
54,"""Just join a gym"" is terrible advice without mom logistics.",Myth Busting
55,Your energy is ready. Your schedule is not.,Pain Point
56,Healthy habits want busy moms… but only if they fit seamlessly.,Insight
57,I stopped waiting for nap time. My health improved instead.,Transformation
58,Mom life runs on routines. I teach how to weave fitness in fast.,Authority
59,You’re strong enough. You’re just not scheduling correctly.,Mindset
60,Another ""mom bod"" post with zero real change.,Call Out
61,Feeling fit proved: motivation without mom-strategy = short-lived hype.,Authority
62,You don’t need more gear. You need more mom-moments.,Insight
63,Feeling like mom life is rigged against your health?,Pain Point
64,It is. Until you learn how to un-rig it.,Hook Transition
65,My approach isn’t theory. It’s how I actually reclaimed my wellness.,Authority
66,Stop hoping for a quiet hour to workout.,Call to Action
67,Create the pockets instead.,Solution
68,Your biggest hurdle isn’t the kids. It’s inconsistency.,Hard Truth
69,Feeling energized happened because I knew the steps for moms.,Insight
70,You’re allowed to want your pre-kid body back. Really.,Emotional
71,No one teaches moms how to meal plan, move, or sustain without burnout.,Pain Point
72,I do.,Direct
73,Another week ends. Your jeans still don't fit like they used to.,Pain Point
74,Diets ignore 99% of mom realities. Here’s how to be the 1%.,Authority
75,You’re not ""too tired"". You’re too overwhelmed.,Insight
76,Strong mom vibes don’t fall from the sky.,Reality Check
77,They come from knowing exactly what to tweak and when.,Insight
78,I used to be terrified of failing again. Now I thrive daily.,Transformation
79,Stop collecting recipes. Start collecting wins.,Call to Action
80,Your dream health isn’t impossible. Your mom-plan is missing.,Insight
81,Most moms quit right before the habit sticks.,Hard Truth
82,Don’t be most.,Direct
83,Energy showed up when I stopped guessing.,Insight
84,You can keep guessing… or learn what works for moms.,Authority
85,"Your body deserves real nourishment, real movement, real results.",Mindset
86,Not just scraps.,Reality Check
87,I share the shortcuts I wish I had as a new mom.,Value
88,"Tired of being told ""sleep when they sleep""?",Call Out
89,Real health comes from mom-built systems.,Authority
90,I went from no workouts -> daily movement with kids in the mix.,Transformation
91,"The difference was strategy, not suddenly having more hours.",Insight
92,You already have the willpower. Now get the mom-access.,Motivation
93,No more ""maybe next week"".,Urgency
94,Feeling fit isn’t reserved for child-free folks anymore.,Mindset
95,But it is reserved for moms who know how to prioritize.,Hard Truth
96,Your next habit could be the one that changes everything.,Curiosity
97,If you stop winging it.,Hard Truth
98,I guide moms to sustainable health—not just quicker workouts.,Direct
99,Feeling like you missed your ""fit window""?,Pain Point
100,Windows are created. Not waited for.,Mindset
101,Strong mom life isn’t a fairy tale. It’s execution.,Insight
102,My results proved it.,Authority
103,Stop mom-ing in isolation.,Call to Action
104,Start health-ing with family in mind.,Solution
105,You’re closer than you think… but juggling wrong.,Insight
106,Another energy crash today? Let’s make it the last one.,Urgency
107,Mom life doesn’t need more chaos. It needs more strategic health.,Authority
108,Be the strategic mom.,Call to Action
109,I share how I turned mom duties into fitness fuel.,Transformation
110,No fluff. Just mom-results.,Direct
111,Your ideal energy is possible right now… without ignoring kids.,Motivation
112,Unlock it.,Call to Action
113,Feeling strong as a mom isn’t luck when you have the playbook.,Authority
114,I give you the playbook.,Direct
115,Stop being the exhausted mom stereotype.,Hard Truth